{"cameraMode":{"drawMode":0,"name":"Shaded","section":"Shading Mode"},"sceneLighting":false,"audioPlay":false,"sceneViewState":{"m_AlwaysRefresh":false,"showFog":true,"showSkybox":true,"showFlares":true,"showImageEffects":true,"showParticleSystems":true,"showVisualEffectGraphs":true,"m_FxEnabled":true},"in2DMode":false,"pivot":{"x":1133.1317138671875,"y":520.3472900390625,"z":9.0589599609375},"rotation":{"x":0.24439972639083863,"y":0.0000028071206088498,"z":0.0000027555458927963629,"w":0.9696741700172424},"size":1489.126708984375,"orthographic":false}