{"cameraMode":{"drawMode":0,"name":"Shaded","section":"Shading Mode"},"sceneLighting":false,"audioPlay":false,"sceneViewState":{"m_AlwaysRefresh":false,"showFog":true,"showSkybox":true,"showFlares":true,"showImageEffects":true,"showParticleSystems":true,"showVisualEffectGraphs":true,"m_FxEnabled":true},"in2DMode":false,"pivot":{"x":5136.06689453125,"y":-391.79083251953127,"z":3969.963134765625},"rotation":{"x":-0.49547287821769717,"y":0.0025501411873847248,"z":-0.001503682928159833,"w":-0.8685806393623352},"size":3772.84619140625,"orthographic":false}